<?xml version="1.0" encoding="UTF-8" standalone="yes"?>
<addon id="plugin.video.Oxygenh20wizard" name="OxyGEN H2O" version="0.2.1" provider-name="OxyGEN H2O">
  <extension point="xbmc.python.pluginsource" library="default.py">
        <provides>video executable</provides>
  </extension>
  <extension point="xbmc.addon.metadata">
    <summary lang="en">OxyGEN H2O Wizard</summary>
    <description lang="en">OxyGEN H2O Wizard.</description>
    <platform>all</platform>
  </extension>
</addon>
